<?xml version="1.0" encoding="UTF-8"?>
<beans default-autowire="byName" xmlns="http://www.springframework.org/schema/beans"
       xmlns:xsi="http://www.w3.org/2001/XMLSchema-instance"
       xmlns:aop="http://www.springframework.org/schema/aop"
       xmlns:task="http://www.springframework.org/schema/task"
       xsi:schemaLocation="http://www.springframework.org/schema/aop http://www.springframework.org/schema/aop/spring-aop-3.0.xsd
		http://www.springframework.org/schema/beans http://www.springframework.org/schema/beans/spring-beans-3.0.xsd
		http://www.springframework.org/schema/context http://www.springframework.org/schema/context/spring-context-3.0.xsd
		http://www.springframework.org/schema/jee http://www.springframework.org/schema/jee/spring-jee-3.0.xsd
		http://www.springframework.org/schema/tx http://www.springframework.org/schema/tx/spring-tx-3.0.xsd http://www.springframework.org/schema/task http://www.springframework.org/schema/task/spring-task-3.0.xsd"
       xmlns:context="http://www.springframework.org/schema/context"
       xmlns:jee="http://www.springframework.org/schema/jee"
       xmlns:p="http://www.springframework.org/schema/p"
       xmlns:tx="http://www.springframework.org/schema/tx">
       
    <context:property-placeholder location="classpath:conectorFtp.properties" />
    
    <context:component-scan base-package="com.bancomer.conector">
    </context:component-scan>
    
    
    <bean id="ftpClient" class="org.apache.commons.net.ftp.FTPClient">
    </bean>
    
    <bean id="host" class="java.lang.String">
        <constructor-arg type="java.lang.String" value="${ftp.host}"/>
    </bean>
    
    <bean id="username" class="java.lang.String">
        <constructor-arg type="java.lang.String" value="${ftp.username}"/>
    </bean>
    
    <bean id="passwd" class="java.lang.String">
        <constructor-arg type="java.lang.String" value="${ftp.passwd}"/>
    </bean>

    
    
       
</beans>